Workbook

Sheet IK I
B2: Parodontologie | G2: Zahnhartsubstanzlehre/Prävention/Restauration | R2: Endodontologie | X2: Kinderzahnheilkunde | AC2: Prothetik | AP2: Schnittmenge ZHS/Restauration/Prothetik
AC3: Festsitzend | AF3: Herausnehmbar | AO3: Fkt.
A4: IK I WiSe2024/2025 | B4: AIT | D4: UPT | F4: Parodontologie | G4: Klasse I und II | I4: Klasse III und IV | K4: Klasse V | M4: Befund | O4: PZR | Q4: ZHS/Präv./Rest. | R4: WK | T4: WF | V4: WF-Revision | W4: Endodontologie | X4: Befund Kind | Z4: Prophylaxe Kind | AA4: Non-invasiv/invasiv Kind | AB4: Kinderzahnheilkunde | AC4: Krone | AD4: Brückenglied | AE4: Festsitzend | AF4: Totalprothese | AG4: Teilprothese Doppelkrone | AH4: Teleskop | AI4: MEG | AJ4: Interimsprothese | AK4: Unterfütterung | AL4: Remontage | AM4: Proth. Recall | AN4: Herausnehmbar | AO4: Aufbissbehelf | AP4: Inlay/Teilkrone | AQ4: Kronenrandfensterung | AR4: Stumpfaufbau(KVB) | AS4: Stiftaufbau | AT4: Schnittmenge | AU4: Hosp. in Kindersprechstunde | AV4: IK I
A5: Name | B5: Anzahl | C5: Punkte | D5: Anzahl | E5: Punkte | F5: Gesamt | G5: Anzahl | H5: Punkte | I5: Anzahl | J5: Punkte | K5: Anzahl | L5: Punkte | M5: Anzahl | N5: Punkte | O5: Anzahl | P5: Punkte | Q5: Gesamt | R5: Anzahl | S5: Punkte | T5: Anzahl | U5: Punkte | V5: Punkte | W5: Gesamt | X5: Anzahl | Y5: Punkte | Z5: Punkte | AA5: Punkte | AB5: Gesamt | AC5: Punkte | AD5: Punkte | AE5: Gesamt | AF5: Punkte | AG5: Punkte | AH5: Punkte | AI5: Punkte | AJ5: Punkte | AK5: Punkte | AL5: Punkte | AM5: Punkte | AN5: Gesamt | AO5: Punkte | AP5: Punkte | AQ5: Punkte | AR5: Punkte | AS5: Punkte | AT5: Gesamt | AV5: Gesamt
A6: Stud. 1 | B6: 1 | C6: =B6*8 -> 8 | D6: 1 | E6: =D6*2 -> 2 | F6: =SUM(C6,E6) -> 10 | G6: 2 | H6: 4 | I6: 0 | J6: 0 | K6: 1 | L6: 1 | M6: 4 | N6: 11 | O6: 3 | P6: 4.5 | Q6: =SUM(H6,J6,L6,N6,P6) -> 20.5 | R6: 2 | S6: 6 | T6: 2 | U6: 4 | V6: 0 | W6: =SUM(S6,U6,V6) -> 10 | X6: 0 | Y6: 0 | Z6: 0 | AA6: 0 | AB6: =SUM(Y6,Z6,AA6) -> 0 | AE6: =SUM(AC6,AD6) -> 0 | AF6: 20 | AM6: 5 | AN6: =SUM(AF6:AM6) -> 25 | AR6: 6 | AT6: =SUM(AP6:AS6) -> 6 | AU6: 3 | AV6: =SUM(F6,Q6,W6,AB6,AE6,AN6,AO6,AT6) -> 71.5
A7: Stud. 2 | B7: 1 | C7: =B7*8 -> 8 | D7: 1 | E7: =D7*2 -> 2 | F7: =SUM(C7,E7) -> 10 | G7: 2 | H7: 3 | I7: 2 | J7: 4 | K7: 0 | L7: 0 | M7: 2 | N7: 5 | O7: 2 | P7: 3 | Q7: =SUM(H7,J7,L7,N7,P7) -> 15 | R7: 0 | S7: 0 | T7: 0 | U7: 0 | V7: 0 | W7: =SUM(S7,U7,V7) -> 0 | X7: 0 | Y7: 0 | Z7: 0 | AA7: 0 | AB7: =SUM(Y7,Z7,AA7) -> 0 | AC7: 30 | AE7: =SUM(AC7,AD7) -> 30 | AM7: 5 | AN7: =SUM(AF7:AM7) -> 5 | AR7: 6 | AT7: =SUM(AP7:AS7) -> 6 | AU7: 4 | AV7: =SUM(F7,Q7,W7,AB7,AE7,AN7,AO7,AT7) -> 66
A8: Stud. 3 | B8: 0 | C8: =B8*8 -> 0 | D8: 3 | E8: =D8*2 -> 6 | F8: =SUM(C8,E8) -> 6 | G8: 4 | H8: 4 | I8: 0 | J8: 0 | K8: 1 | L8: 1 | M8: 4 | N8: 10 | O8: 5 | P8: 7.5 | Q8: =SUM(H8,J8,L8,N8,P8) -> 22.5 | R8: 0 | S8: 0 | T8: 0 | U8: 0 | V8: 0 | W8: =SUM(S8,U8,V8) -> 0 | X8: 0 | Y8: 0 | Z8: 0 | AA8: 0 | AB8: =SUM(Y8,Z8,AA8) -> 0 | AC8: 45 | AE8: =SUM(AC8,AD8) -> 45 | AJ8: 10 | AM8: 5 | AN8: =SUM(AF8:AM8) -> 15 | AT8: =SUM(AP8:AS8) -> 0 | AU8: 2 | AV8: =SUM(F8,Q8,W8,AB8,AE8,AN8,AO8,AT8) -> 88.5
A9: Stud. 4 | B9: 1 | C9: =B9*8 -> 8 | D9: 3 | E9: =D9*2 -> 6 | F9: =SUM(C9,E9) -> 14 | G9: 5 | H9: 8 | I9: 1 | J9: 2 | K9: 0 | L9: 0 | M9: 4 | N9: 9 | O9: 4 | P9: 6 | Q9: =SUM(H9,J9,L9,N9,P9) -> 25 | R9: 0 | S9: 0 | T9: 0 | U9: 0 | V9: 0 | W9: =SUM(S9,U9,V9) -> 0 | X9: 0 | Y9: 0 | Z9: 0 | AA9: 0 | AB9: =SUM(Y9,Z9,AA9) -> 0 | AE9: =SUM(AC9,AD9) -> 0 | AI9: 15 | AM9: 5 | AN9: =SUM(AF9:AM9) -> 20 | AT9: =SUM(AP9:AS9) -> 0 | AU9: 2 | AV9: =SUM(F9,Q9,W9,AB9,AE9,AN9,AO9,AT9) -> 59
A10: Stud. 5 | B10: 1 | C10: =B10*8 -> 8 | D10: 2 | E10: =D10*2 -> 4 | F10: =SUM(C10,E10) -> 12 | G10: 3 | H10: 6 | I10: 0 | J10: 0 | K10: 0 | L10: 0 | M10: 5 | N10: 13 | O10: 4 | P10: 6 | Q10: =SUM(H10,J10,L10,N10,P10) -> 25 | R10: 0 | S10: 0 | T10: 0 | U10: 0 | V10: 0 | W10: =SUM(S10,U10,V10) -> 0 | X10: 0 | Y10: 0 | Z10: 0 | AA10: 0 | AB10: =SUM(Y10,Z10,AA10) -> 0 | AE10: =SUM(AC10,AD10) -> 0 | AF10: 20 | AM10: 5 | AN10: =SUM(AF10:AM10) -> 25 | AT10: =SUM(AP10:AS10) -> 0 | AU10: 2 | AV10: =SUM(F10,Q10,W10,AB10,AE10,AN10,AO10,AT10) -> 62

Sheet IK II
B2: Parodontologie | G2: Zahnhartsubstanzlehre/Prävention/Restauration | R2: Endodontologie | X2: Kinderzahnheilkunde | AC2: Prothetik | AP2: Schnittmenge ZHS/Restauration/Prothetik
AC3: Festsitzend | AF3: Herausnehmbar | AO3: Fkt.
A4: IK II SoSe2025 | B4: AIT | D4: UPT | F4: Parodontologie | G4: Klasse I und II | I4: Klasse III und IV | K4: Klasse V | M4: Befund | O4: PZR | Q4: ZHS/Präv./Rest. | R4: WK | T4: WF | V4: WF-Revision | W4: Endodontologie | X4: Befund Kind | Z4: Prophylaxe Kind | AA4: Non-invasiv/invasiv Kind | AB4: Kinderzahnheilkunde | AC4: Krone | AD4: Brückenglied | AE4: Festsitzend | AF4: Totalprothese | AG4: Teilprothese Doppelkrone | AH4: Teleskop | AI4: MEG | AJ4: Interimsprothese | AK4: Unterfütterung | AL4: Remontage | AM4: Proth. Recall | AN4: Herausnehmbar | AO4: Aufbissbehelf | AP4: Inlay/Teilkrone | AQ4: Kronenrandfensterung | AR4: Stumpfaufbau(KVB) | AS4: Stiftaufbau | AT4: Schnittmenge | AU4: Hosp. in Kindersprechstunde | AV4: Hosp. in ZAB (nur IK II und IK III) | AW4: IK II
A5: Name | B5: Anzahl | C5: Punkte | D5: Anzahl | E5: Punkte | F5: Gesamt | G5: Anzahl | H5: Punkte | I5: Anzahl | J5: Punkte | K5: Anzahl | L5: Punkte | M5: Anzahl | N5: Punkte | O5: Anzahl | P5: Punkte | Q5: Gesamt | R5: Anzahl | S5: Punkte | T5: Anzahl | U5: Punkte | V5: Punkte | W5: Gesamt | X5: Anzahl | Y5: Punkte | Z5: Punkte | AA5: Punkte | AB5: Gesamt | AC5: Punkte | AD5: Punkte | AE5: Gesamt | AF5: Punkte | AG5: Punkte | AH5: Punkte | AI5: Punkte | AJ5: Punkte | AK5: Punkte | AL5: Punkte | AM5: Punkte | AN5: Gesamt | AO5: Punkte | AP5: Punkte | AQ5: Punkte | AR5: Punkte | AS5: Punkte | AT5: Gesamt | AW5: Gesamt
A6: Stud. 1 | B6: 1 | C6: =B6*8 -> 8 | D6: 1 | E6: =D6*2.5 -> 2.5 | F6: =SUM(C6,E6) -> 10.5 | G6: 2 | H6: 4 | Q6: =SUM(H6,J6,L6,N6,P6) -> 4 | W6: =SUM(S6,U6,V6) -> 0 | X6: 1 | Y6: 2 | Z6: 2 | AB6: =SUM(Y6,Z6,AA6) -> 4 | AC6: 61 | AE6: =SUM(AC6,AD6) -> 61 | AG6: 20 | AN6: =SUM(AF6:AM6) -> 20 | AR6: 18 | AT6: =SUM(AP6:AS6) -> 18 | AU6: 2 | AV6: 3 | AW6: =SUM(F6,Q6,W6,AB6,AE6,AN6,AO6,AT6) -> 117.5
A7: Stud. 2 | C7: =B7*8 -> 0 | D7: 1 | E7: =D7*2.5 -> 2.5 | F7: =SUM(C7,E7) -> 2.5 | G7: 2 | H7: 4 | Q7: =SUM(H7,J7,L7,N7,P7) -> 4 | R7: 1 | S7: 3 | T7: 1 | U7: 2 | W7: =SUM(S7,U7,V7) -> 5 | X7: 1 | Y7: 2 | Z7: 2 | AB7: =SUM(Y7,Z7,AA7) -> 4 | AC7: 72 | AE7: =SUM(AC7,AD7) -> 72 | AN7: =SUM(AF7:AM7) -> 0 | AR7: 18 | AS7: 3 | AT7: =SUM(AP7:AS7) -> 21 | AU7: 2 | AV7: 3 | AW7: =SUM(F7,Q7,W7,AB7,AE7,AN7,AO7,AT7) -> 108.5
A8: Stud. 3 | B8: 1 | C8: =B8*8 -> 8 | D8: 2 | E8: =D8*2.5 -> 5 | F8: =SUM(C8,E8) -> 13 | G8: 2 | H8: 2 | I8: 1 | J8: 4 | K8: 1 | L8: 1 | M8: 4 | N8: 9 | O8: 4 | P8: 6 | Q8: =SUM(H8,J8,L8,N8,P8) -> 22 | R8: 1 | S8: 3 | T8: 1 | U8: 2 | W8: =SUM(S8,U8,V8) -> 5 | X8: 1 | Y8: 3 | Z8: 2 | AB8: =SUM(Y8,Z8,AA8) -> 5 | AC8: 45 | AE8: =SUM(AC8,AD8) -> 45 | AM8: 2.5 | AN8: =SUM(AF8:AM8) -> 2.5 | AR8: 3 | AT8: =SUM(AP8:AS8) -> 3 | AU8: 2 | AV8: 3 | AW8: =SUM(F8,Q8,W8,AB8,AE8,AN8,AO8,AT8) -> 95.5
A9: Stud. 4 | B9: 1 | C9: =B9*8 -> 8 | D9: 3 | E9: =D9*2.5 -> 7.5 | F9: =SUM(C9,E9) -> 15.5 | I9: 1 | J9: 3 | M9: 1 | N9: 3 | O9: 1 | P9: 1.5 | Q9: =SUM(H9,J9,L9,N9,P9) -> 7.5 | R9: 1 | S9: 3 | T9: 1 | U9: 2 | W9: =SUM(S9,U9,V9) -> 5 | X9: 2 | Y9: 4.5 | Z9: 3.5 | AB9: =SUM(Y9,Z9,AA9) -> 8 | AC9: 21 | AE9: =SUM(AC9,AD9) -> 21 | AM9: 5 | AN9: =SUM(AF9:AM9) -> 5 | AT9: =SUM(AP9:AS9) -> 0 | AU9: 2 | AV9: 3 | AW9: =SUM(F9,Q9,W9,AB9,AE9,AN9,AO9,AT9) -> 62
A10: Stud. 5 | B10: 1 | C10: =B10*8 -> 8 | D10: 2 | E10: =D10*2.5 -> 5 | F10: =SUM(C10,E10) -> 13 | G10: 3 | H10: 5 | M10: 3 | N10: 7 | O10: 2 | P10: 3 | Q10: =SUM(H10,J10,L10,N10,P10) -> 15 | W10: =SUM(S10,U10,V10) -> 0 | X10: 1 | Y10: 3 | Z10: 2 | AB10: =SUM(Y10,Z10,AA10) -> 5 | AE10: =SUM(AC10,AD10) -> 0 | AF10: 40 | AN10: =SUM(AF10:AM10) -> 40 | AT10: =SUM(AP10:AS10) -> 0 | AU10: 2 | AV10: 3 | AW10: =SUM(F10,Q10,W10,AB10,AE10,AN10,AO10,AT10) -> 73

Sheet IK III
B2: Parodontologie | G2: Zahnhartsubstanzlehre/Prävention/Restauration | R2: Endodontologie | X2: Kinderzahnheilkunde | AC2: Prothetik | AP2: Schnittmenge ZHS/Restauration/Prothetik
AC3: Festsitzend | AF3: Herausnehmbar | AO3: Fkt.
A4: IK III WiSe2025/26 | B4: AIT | D4: UPT | F4: Parodontologie | G4: Klasse I und II | I4: Klasse III und IV | K4: Klasse V | M4: Befund | O4: PZR | Q4: ZHS/Präv./Rest. | R4: WK | T4: WF | V4: WF-Revision | W4: Endodontologie | X4: Befund Kind | Z4: Prophylaxe Kind | AA4: Non-invasiv/invasiv Kind | AB4: Kinderzahnheilkunde | AC4: Krone | AD4: Brückenglied | AE4: Festsitzend | AF4: Totalprothese | AG4: Teilprothese Doppelkrone | AH4: Teleskop | AI4: MEG | AJ4: Interimsprothese | AK4: Unterfütterung | AL4: Remontage | AM4: Proth. Recall | AN4: Herausnehmbar | AO4: Aufbissbehelf | AP4: Inlay/Teilkrone | AQ4: Kronenrandfensterung | AR4: Stumpfaufbau(KVB) | AS4: Stiftaufbau | AT4: Schnittmenge | AU4: Hosp. in Kindersprechstunde | AV4: Hosp. in ZAB (nur IK II und IK III) | AW4: IK III
A5: Name | B5: Anzahl | C5: Punkte | D5: Anzahl | E5: Punkte | F5: Gesamt | G5: Anzahl | H5: Punkte | I5: Anzahl | J5: Punkte | K5: Anzahl | L5: Punkte | M5: Anzahl | N5: Punkte | O5: Anzahl | P5: Punkte | Q5: Gesamt | R5: Anzahl | S5: Punkte | T5: Anzahl | U5: Punkte | V5: Punkte | W5: Gesamt | X5: Anzahl | Y5: Punkte | Z5: Punkte | AA5: Punkte | AB5: Gesamt | AC5: Punkte | AD5: Punkte | AE5: Gesamt | AF5: Punkte | AG5: Punkte | AH5: Punkte | AI5: Punkte | AJ5: Punkte | AK5: Punkte | AL5: Punkte | AM5: Punkte | AN5: Gesamt | AO5: Punkte | AP5: Punkte | AQ5: Punkte | AR5: Punkte | AS5: Punkte | AT5: Gesamt | AU5: Anzahl | AV5: Anzahl | AW5: Gesamt
A6: Stud. 1 | B6: 0 | C6: =B6*8 -> 0 | D6: 2 | E6: =D6*2.5 -> 5 | F6: =SUM(C6,E6) -> 5 | G6: 6 | H6: 15 | I6: 1 | J6: 3 | K6: 1 | L6: 1 | M6: 1 | N6: 2.5 | O6: 1 | P6: 1.5 | Q6: =SUM(H6,J6,L6,N6,P6) -> 23 | R6: 5 | S6: 15 | T6: 5 | U6: 10 | V6: 3 | W6: =SUM(S6,U6,V6) -> 28 | X6: 1 | Y6: 2 | Z6: 2 | AA6: 4 | AB6: =SUM(Y6,Z6,AA6) -> 8 | AE6: 15 | AM6: 2.5 | AN6: =SUM(AF6:AM6) -> 2.5 | AO6: 7 | AR6: 3 | AS6: 3 | AT6: =SUM(AP6:AS6) -> 6 | AU6: 2 | AV6: 2 | AW6: =SUM(F6,Q6,W6,AB6,AE6,AN6,AO6,AT6) -> 94.5
A7: Stud. 2 | B7: 2 | C7: =B7*8 -> 16 | D7: 0 | E7: =D7*2.5 -> 0 | F7: =SUM(C7,E7) -> 16 | G7: 2 | H7: 5 | M7: 1 | N7: 2.5 | Q7: =SUM(H7,J7,L7,N7,P7) -> 7.5 | R7: 4 | S7: 12 | T7: 4 | U7: 8 | W7: =SUM(S7,U7,V7) -> 20 | X7: 1 | Y7: 2 | Z7: 2 | AA7: 4 | AB7: =SUM(Y7,Z7,AA7) -> 8 | AF7: 20 | AJ7: 10 | AN7: =SUM(AF7:AM7) -> 30 | AO7: 7 | AR7: 7 | AT7: =SUM(AP7:AS7) -> 7 | AU7: 2 | AV7: 2 | AW7: =SUM(F7,Q7,W7,AB7,AE7,AN7,AO7,AT7) -> 95.5
A8: Stud. 3 | B8: 1 | C8: =B8*8 -> 8 | D8: 1 | E8: =D8*2.5 -> 2.5 | F8: =SUM(C8,E8) -> 10.5 | G8: 4 | H8: 1 | I8: 1 | J8: 2 | K8: 6 | L8: 6 | M8: 5 | N8: 12.5 | O8: 5 | P8: 7.5 | Q8: =SUM(H8,J8,L8,N8,P8) -> 29 | R8: 4 | S8: 12 | T8: 4 | U8: 8 | W8: =SUM(S8,U8,V8) -> 20 | X8: 2 | Y8: 5 | Z8: 4 | AA8: 2 | AB8: =SUM(Y8,Z8,AA8) -> 11 | AF8: 40 | AM8: 5 | AN8: =SUM(AF8:AM8) -> 45 | AT8: =SUM(AP8:AS8) -> 0 | AU8: 2 | AV8: 2 | AW8: =SUM(F8,Q8,W8,AB8,AE8,AN8,AO8,AT8) -> 115.5
A9: Stud. 4 | B9: 1 | C9: =B9*8 -> 8 | D9: 2 | E9: =D9*2.5 -> 5 | F9: =SUM(C9,E9) -> 13 | G9: 1 | H9: 1 | I9: 1 | J9: 3 | K9: 2 | L9: 2 | M9: 2 | N9: 5 | O9: 2 | P9: 3 | Q9: =SUM(H9,J9,L9,N9,P9) -> 14 | R9: 4 | S9: 12 | T9: 4 | U9: 8 | W9: =SUM(S9,U9,V9) -> 20 | X9: 2 | Y9: 4 | Z9: 4 | AA9: 1 | AB9: =SUM(Y9,Z9,AA9) -> 9 | AI9: 15 | AN9: =SUM(AF9:AM9) -> 15 | AR9: 3 | AT9: =SUM(AP9:AS9) -> 3 | AU9: 2 | AV9: 2 | AW9: =SUM(F9,Q9,W9,AB9,AE9,AN9,AO9,AT9) -> 74
A10: Stud. 5 | B10: 1 | C10: =B10*8 -> 8 | D10: 2 | E10: =D10*2.5 -> 5 | F10: =SUM(C10,E10) -> 13 | M10: 1 | N10: 2.5 | O10: 1 | P10: 1.5 | Q10: =SUM(H10,J10,L10,N10,P10) -> 4 | W10: =SUM(S10,U10,V10) -> 0 | X10: 1 | Y10: 2 | Z10: 2 | AA10: 2 | AB10: =SUM(Y10,Z10,AA10) -> 6 | AE10: 99 | AG10: 20 | AM10: 2.5 | AN10: =SUM(AF10:AM10) -> 22.5 | AO10: 7 | AT10: =SUM(AP10:AS10) -> 0 | AU10: 2 | AV10: 2 | AW10: =SUM(F10,Q10,W10,AB10,AE10,AN10,AO10,AT10) -> 151.5

Sheet IK IV
B2: Parodontologie | G2: Zahnhartsubstanzlehre/Prävention/Restauration | R2: Endodontologie | X2: Kinderzahnheilkunde | AC2: Prothetik | AP2: Schnittmenge ZHS/Restauration/Prothetik
AC3: Festsitzend | AF3: Herausnehmbar | AO3: Fkt.
A4: IK IV SoSe26 | B4: AIT | D4: UPT | F4: Parodontologie | G4: Klasse I und II | I4: Klasse III und IV | K4: Klasse V | M4: Befund | O4: PZR | Q4: ZHS/Präv./Rest. | R4: WK | T4: WF | V4: WF-Revision | W4: Endodontologie | X4: Befund Kind | Z4: Prophylaxe Kind | AA4: Non-invasiv/invasiv Kind | AB4: Kinderzahnheilkunde | AC4: Krone | AD4: Brückenglied | AE4: Festsitzend | AF4: Totalprothese | AG4: Teilprothese Doppelkrone | AH4: Teleskop | AI4: MEG | AJ4: Interimsprothese | AK4: Unterfütterung | AL4: Remontage | AM4: Proth. Recall | AN4: Herausnehmbar | AO4: Aufbissbehelf | AP4: Inlay/Teilkrone | AQ4: Kronenrandfensterung | AR4: Stumpfaufbau(KVB) | AS4: Stiftaufbau | AT4: Schnittmenge | AU4: Hosp. in Kindersprechstunde | AV4: Hosp. in ZAB (nur IK II und IK III) | AW4: IK IV
A5: Name | B5: Anzahl | C5: Punkte | D5: Anzahl | E5: Punkte | F5: Gesamt | G5: Anzahl | H5: Punkte | I5: Anzahl | J5: Punkte | K5: Anzahl | L5: Punkte | M5: Anzahl | N5: Punkte | O5: Anzahl | P5: Punkte | Q5: Gesamt | R5: Anzahl | S5: Punkte | T5: Anzahl | U5: Punkte | V5: Punkte | W5: Gesamt | X5: Anzahl | Y5: Punkte | Z5: Punkte | AA5: Punkte | AB5: Gesamt | AC5: Punkte | AD5: Punkte | AE5: Gesamt | AF5: Punkte | AG5: Punkte | AH5: Punkte | AI5: Punkte | AJ5: Punkte | AK5: Punkte | AL5: Punkte | AM5: Punkte | AN5: Gesamt | AO5: Punkte | AP5: Punkte | AQ5: Punkte | AR5: Punkte | AS5: Punkte | AT5: Gesamt | AU5: Anzahl | AV5: Anzahl | AW5: Gesamt
A6: Stud. 1 | C6: =B6*8 -> 0 | E6: =D6*2.5 -> 0 | F6: =SUM(C6,E6) -> 0 | Q6: =SUM(H6,J6,L6,N6,P6) -> 0 | W6: =SUM(S6,U6,V6) -> 0 | AB6: =SUM(Y6,Z6,AA6) -> 0 | AE6: =SUM(AC6:AD6) -> 0 | AN6: =SUM(AF6:AM6) -> 0 | AT6: =SUM(AP6:AS6) -> 0 | AW6: =SUM(F6,Q6,W6,AB6,AE6,AN6,AO6,AT6) -> 0
A7: Stud. 2 | C7: =B7*8 -> 0 | E7: =D7*2.5 -> 0 | F7: =SUM(C7,E7) -> 0 | Q7: =SUM(H7,J7,L7,N7,P7) -> 0 | W7: =SUM(S7,U7,V7) -> 0 | AB7: =SUM(Y7,Z7,AA7) -> 0 | AE7: =SUM(AC7:AD7) -> 0 | AN7: =SUM(AF7:AM7) -> 0 | AT7: =SUM(AP7:AS7) -> 0 | AW7: =SUM(F7,Q7,W7,AB7,AE7,AN7,AO7,AT7) -> 0
A8: Stud. 3 | C8: =B8*8 -> 0 | E8: =D8*2.5 -> 0 | F8: =SUM(C8,E8) -> 0 | Q8: =SUM(H8,J8,L8,N8,P8) -> 0 | W8: =SUM(S8,U8,V8) -> 0 | AB8: =SUM(Y8,Z8,AA8) -> 0 | AE8: =SUM(AC8:AD8) -> 0 | AN8: =SUM(AF8:AM8) -> 0 | AT8: =SUM(AP8:AS8) -> 0 | AW8: =SUM(F8,Q8,W8,AB8,AE8,AN8,AO8,AT8) -> 0
A9: Stud. 4 | C9: =B9*8 -> 0 | E9: =D9*2.5 -> 0 | F9: =SUM(C9,E9) -> 0 | Q9: =SUM(H9,J9,L9,N9,P9) -> 0 | W9: =SUM(S9,U9,V9) -> 0 | AB9: =SUM(Y9,Z9,AA9) -> 0 | AE9: =SUM(AC9:AD9) -> 0 | AN9: =SUM(AF9:AM9) -> 0 | AT9: =SUM(AP9:AS9) -> 0 | AW9: =SUM(F9,Q9,W9,AB9,AE9,AN9,AO9,AT9) -> 0
A10: Stud. 5 | C10: =B10*8 -> 0 | E10: =D10*2.5 -> 0 | F10: =SUM(C10,E10) -> 0 | Q10: =SUM(H10,J10,L10,N10,P10) -> 0 | W10: =SUM(S10,U10,V10) -> 0 | AB10: =SUM(Y10,Z10,AA10) -> 0 | AE10: =SUM(AC10:AD10) -> 0 | AN10: =SUM(AF10:AM10) -> 0 | AT10: =SUM(AP10:AS10) -> 0 | AW10: =SUM(F10,Q10,W10,AB10,AE10,AN10,AO10,AT10) -> 0

Sheet GESAMT
B2: Parodontologie | G2: Zahnhartsubstanzlehre/Prävention/Restauration | R2: Endodontologie | X2: Kinderzahnheilkunde | AC2: Prothetik | AP2: Schnittmenge ZHS/Restauration/Prothetik
AC3: Festsitzend | AF3: Herausnehmbar | AO3: Fkt.
A4: GESAMT IK I - IK IV | B4: AIT | D4: UPT | F4: Parodontologie | G4: Klasse I und II | I4: Klasse III und IV | K4: Klasse V | M4: Befund | O4: PZR | Q4: ZHS/Präv./Rest. | R4: WK | T4: WF | V4: WF-Revision | W4: Endodontologie | X4: Befund Kind | Z4: Prophylaxe Kind | AA4: Non-invasiv/invasiv Kind | AB4: Kinderzahnheilkunde | AC4: Krone | AD4: Brückenglied | AE4: Festsitzend | AF4: Totalprothese | AG4: Teilprothese Doppelkrone | AH4: Teleskop | AI4: MEG | AJ4: Interimsprothese | AK4: Unterfütterung | AL4: Remontage | AM4: Proth. Recall | AN4: Herausnehmbar | AO4: Aufbissbehelf | AP4: Inlay/Teilkrone | AQ4: Kronenrandfensterung | AR4: Stumpfaufbau(KVB) | AS4: Stiftaufbau | AT4: Schnittmenge | AU4: GESAMT IK I - IK IV
A5: Name | B5: Anzahl | C5: Punkte | D5: Anzahl | E5: Punkte | F5: Gesamt | G5: Anzahl | H5: Punkte | I5: Anzahl | J5: Punkte | K5: Anzahl | L5: Punkte | M5: Anzahl | N5: Punkte | O5: Anzahl | P5: Punkte | Q5: Gesamt | R5: Anzahl | S5: Punkte | T5: Anzahl | U5: Punkte | V5: Punkte | W5: Gesamt | X5: Anzahl | Y5: Punkte | Z5: Punkte | AA5: Punkte | AB5: Gesamt | AC5: Punkte | AD5: Punkte | AE5: Gesamt | AF5: Punkte | AG5: Punkte | AH5: Punkte | AI5: Punkte | AJ5: Punkte | AK5: Punkte | AL5: Punkte | AM5: Punkte | AN5: Gesamt | AO5: Punkte | AP5: Punkte | AQ5: Punkte | AR5: Punkte | AS5: Punkte | AT5: Gesamt | AU5: Gesamt
A6: Stud. 1 | B6: =SUM('IK I:IK IV'!B6) -> #REF! | C6: =B6*8 -> #REF! | D6: =SUM('IK I:IK IV'!D6) -> #REF! | E6: =D6*2.5 -> #REF! | F6: =SUM(C6,E6) -> #REF! | G6: =SUM('IK I:IK IV'!G6) -> #REF! | H6: =SUM('IK I:IK IV'!H6) -> #REF! | I6: =SUM('IK I:IK IV'!I6) -> #REF! | J6: =SUM('IK I:IK IV'!J6) -> #REF! | K6: =SUM('IK I:IK IV'!K6) -> #REF! | L6: =SUM('IK I:IK IV'!L6) -> #REF! | M6: =SUM('IK I:IK IV'!M6) -> #REF! | N6: =SUM('IK I:IK IV'!N6) -> #REF! | ... P6: =SUM('IK I:IK IV'!P6) -> #REF! | Q6: =SUM(H6,J6,L6,N6,P6) -> #REF! | R6: =SUM('IK I:IK IV'!R6) -> #REF! | S6: =SUM('IK I:IK IV'!S6) -> #REF! | T6: =SUM('IK I:IK IV'!T6) -> #REF! | U6: =SUM('IK I:IK IV'!U6) -> #REF! | V6: =SUM('IK I:IK IV'!V6) -> #REF! | W6: =SUM(S6,U6,V6) -> #REF! | X6: =SUM('IK I:IK IV'!X6) -> #REF! | Y6: =SUM('IK I:IK IV'!Y6) -> #REF! | Z6: =SUM('IK I:IK IV'!Z6) -> #REF! | AA6: =SUM('IK I:IK IV'!AA6) -> #REF! | AB6: =SUM(Y6,Z6,AA6) -> #REF! | AC6: =SUM('IK I:IK IV'!AC6) -> #REF! | AD6: =SUM('IK I:IK IV'!AD6) -> #REF! | AE6: =SUM('IK I:IK IV'!AE6) -> #REF! | AF6: =SUM('IK I:IK IV'!AF6) -> #REF! | AG6: =SUM('IK I:IK IV'!AG6) -> #REF! | AH6: =SUM('IK I:IK IV'!AH6) -> #REF! | AI6: =SUM('IK I:IK IV'!AI6) -> #REF! | AJ6: =SUM('IK I:IK IV'!AJ6) -> #REF! | ... AS6: =SUM('IK I:IK IV'!AS6) -> #REF! | AT6: =SUM(AP6:AS6) -> #REF! | AU6: =SUM(F6,Q6,W6,AB6,AE6,AN6,AO6,AT6) -> #REF!
A7: Stud. 2 | B7: =SUM('IK I:IK IV'!B7) -> #REF! | C7: =B7*8 -> #REF! | D7: =SUM('IK I:IK IV'!D7) -> #REF! | E7: =D7*2.5 -> #REF! | F7: =SUM(C7,E7) -> #REF! | G7: =SUM('IK I:IK IV'!G7) -> #REF! | H7: =SUM('IK I:IK IV'!H7) -> #REF! | I7: =SUM('IK I:IK IV'!I7) -> #REF! | J7: =SUM('IK I:IK IV'!J7) -> #REF! | K7: =SUM('IK I:IK IV'!K7) -> #REF! | L7: =SUM('IK I:IK IV'!L7) -> #REF! | M7: =SUM('IK I:IK IV'!M7) -> #REF! | N7: =SUM('IK I:IK IV'!N7) -> #REF! | ... P7: =SUM('IK I:IK IV'!P7) -> #REF! | Q7: =SUM(H7,J7,L7,N7,P7) -> #REF! | R7: =SUM('IK I:IK IV'!R7) -> #REF! | S7: =SUM('IK I:IK IV'!S7) -> #REF! | T7: =SUM('IK I:IK IV'!T7) -> #REF! | U7: =SUM('IK I:IK IV'!U7) -> #REF! | V7: =SUM('IK I:IK IV'!V7) -> #REF! | W7: =SUM(S7,U7,V7) -> #REF! | X7: =SUM('IK I:IK IV'!X7) -> #REF! | Y7: =SUM('IK I:IK IV'!Y7) -> #REF! | Z7: =SUM('IK I:IK IV'!Z7) -> #REF! | AA7: =SUM('IK I:IK IV'!AA7) -> #REF! | AB7: =SUM(Y7,Z7,AA7) -> #REF! | AC7: =SUM('IK I:IK IV'!AC7) -> #REF! | AD7: =SUM('IK I:IK IV'!AD7) -> #REF! | AE7: =SUM('IK I:IK IV'!AE7) -> #REF! | AF7: =SUM('IK I:IK IV'!AF7) -> #REF! | AG7: =SUM('IK I:IK IV'!AG7) -> #REF! | AH7: =SUM('IK I:IK IV'!AH7) -> #REF! | AI7: =SUM('IK I:IK IV'!AI7) -> #REF! | AJ7: =SUM('IK I:IK IV'!AJ7) -> #REF! | ... AS7: =SUM('IK I:IK IV'!AS7) -> #REF! | AT7: =SUM(AP7:AS7) -> #REF! | AU7: =SUM(F7,Q7,W7,AB7,AE7,AN7,AO7,AT7) -> #REF!
A8: Stud. 3 | B8: =SUM('IK I:IK IV'!B8) -> #REF! | C8: =B8*8 -> #REF! | D8: =SUM('IK I:IK IV'!D8) -> #REF! | E8: =D8*2.5 -> #REF! | F8: =SUM(C8,E8) -> #REF! | G8: =SUM('IK I:IK IV'!G8) -> #REF! | H8: =SUM('IK I:IK IV'!H8) -> #REF! | I8: =SUM('IK I:IK IV'!I8) -> #REF! | J8: =SUM('IK I:IK IV'!J8) -> #REF! | K8: =SUM('IK I:IK IV'!K8) -> #REF! | L8: =SUM('IK I:IK IV'!L8) -> #REF! | M8: =SUM('IK I:IK IV'!M8) -> #REF! | N8: =SUM('IK I:IK IV'!N8) -> #REF! | ... P8: =SUM('IK I:IK IV'!P8) -> #REF! | Q8: =SUM(H8,J8,L8,N8,P8) -> #REF! | R8: =SUM('IK I:IK IV'!R8) -> #REF! | S8: =SUM('IK I:IK IV'!S8) -> #REF! | T8: =SUM('IK I:IK IV'!T8) -> #REF! | U8: =SUM('IK I:IK IV'!U8) -> #REF! | V8: =SUM('IK I:IK IV'!V8) -> #REF! | W8: =SUM(S8,U8,V8) -> #REF! | X8: =SUM('IK I:IK IV'!X8) -> #REF! | Y8: =SUM('IK I:IK IV'!Y8) -> #REF! | Z8: =SUM('IK I:IK IV'!Z8) -> #REF! | AA8: =SUM('IK I:IK IV'!AA8) -> #REF! | AB8: =SUM(Y8,Z8,AA8) -> #REF! | AC8: =SUM('IK I:IK IV'!AC8) -> #REF! | AD8: =SUM('IK I:IK IV'!AD8) -> #REF! | AE8: =SUM('IK I:IK IV'!AE8) -> #REF! | AF8: =SUM('IK I:IK IV'!AF8) -> #REF! | AG8: =SUM('IK I:IK IV'!AG8) -> #REF! | AH8: =SUM('IK I:IK IV'!AH8) -> #REF! | AI8: =SUM('IK I:IK IV'!AI8) -> #REF! | AJ8: =SUM('IK I:IK IV'!AJ8) -> #REF! | ... AS8: =SUM('IK I:IK IV'!AS8) -> #REF! | AT8: =SUM(AP8:AS8) -> #REF! | AU8: =SUM(F8,Q8,W8,AB8,AE8,AN8,AO8,AT8) -> #REF!
A9: Stud. 4 | B9: =SUM('IK I:IK IV'!B9) -> #REF! | C9: =B9*8 -> #REF! | D9: =SUM('IK I:IK IV'!D9) -> #REF! | E9: =D9*2.5 -> #REF! | F9: =SUM(C9,E9) -> #REF! | G9: =SUM('IK I:IK IV'!G9) -> #REF! | H9: =SUM('IK I:IK IV'!H9) -> #REF! | I9: =SUM('IK I:IK IV'!I9) -> #REF! | J9: =SUM('IK I:IK IV'!J9) -> #REF! | K9: =SUM('IK I:IK IV'!K9) -> #REF! | L9: =SUM('IK I:IK IV'!L9) -> #REF! | M9: =SUM('IK I:IK IV'!M9) -> #REF! | N9: =SUM('IK I:IK IV'!N9) -> #REF! | ... P9: =SUM('IK I:IK IV'!P9) -> #REF! | Q9: =SUM(H9,J9,L9,N9,P9) -> #REF! | R9: =SUM('IK I:IK IV'!R9) -> #REF! | S9: =SUM('IK I:IK IV'!S9) -> #REF! | T9: =SUM('IK I:IK IV'!T9) -> #REF! | U9: =SUM('IK I:IK IV'!U9) -> #REF! | V9: =SUM('IK I:IK IV'!V9) -> #REF! | W9: =SUM(S9,U9,V9) -> #REF! | X9: =SUM('IK I:IK IV'!X9) -> #REF! | Y9: =SUM('IK I:IK IV'!Y9) -> #REF! | Z9: =SUM('IK I:IK IV'!Z9) -> #REF! | AA9: =SUM('IK I:IK IV'!AA9) -> #REF! | AB9: =SUM(Y9,Z9,AA9) -> #REF! | AC9: =SUM('IK I:IK IV'!AC9) -> #REF! | AD9: =SUM('IK I:IK IV'!AD9) -> #REF! | AE9: =SUM('IK I:IK IV'!AE9) -> #REF! | AF9: =SUM('IK I:IK IV'!AF9) -> #REF! | AG9: =SUM('IK I:IK IV'!AG9) -> #REF! | AH9: =SUM('IK I:IK IV'!AH9) -> #REF! | AI9: =SUM('IK I:IK IV'!AI9) -> #REF! | AJ9: =SUM('IK I:IK IV'!AJ9) -> #REF! | ... AS9: =SUM('IK I:IK IV'!AS9) -> #REF! | AT9: =SUM(AP9:AS9) -> #REF! | AU9: =SUM(F9,Q9,W9,AB9,AE9,AN9,AO9,AT9) -> #REF!
A10: Stud. 5 | B10: =SUM('IK I:IK IV'!B10) -> #REF! | C10: =B10*8 -> #REF! | D10: =SUM('IK I:IK IV'!D10) -> #REF! | E10: =D10*2.5 -> #REF! | F10: =SUM(C10,E10) -> #REF! | G10: =SUM('IK I:IK IV'!G10) -> #REF! | H10: =SUM('IK I:IK IV'!H10) -> #REF! | I10: =SUM('IK I:IK IV'!I10) -> #REF! | J10: =SUM('IK I:IK IV'!J10) -> #REF! | K10: =SUM('IK I:IK IV'!K10) -> #REF! | L10: =SUM('IK I:IK IV'!L10) -> #REF! | M10: =SUM('IK I:IK IV'!M10) -> #REF! | N10: =SUM('IK I:IK IV'!N10) -> #REF! | ... P10: =SUM('IK I:IK IV'!P10) -> #REF! | Q10: =SUM(H10,J10,L10,N10,P10) -> #REF! | R10: =SUM('IK I:IK IV'!R10) -> #REF! | S10: =SUM('IK I:IK IV'!S10) -> #REF! | T10: =SUM('IK I:IK IV'!T10) -> #REF! | U10: =SUM('IK I:IK IV'!U10) -> #REF! | V10: =SUM('IK I:IK IV'!V10) -> #REF! | W10: =SUM(S10,U10,V10) -> #REF! | X10: =SUM('IK I:IK IV'!X10) -> #REF! | Y10: =SUM('IK I:IK IV'!Y10) -> #REF! | Z10: =SUM('IK I:IK IV'!Z10) -> #REF! | AA10: =SUM('IK I:IK IV'!AA10) -> #REF! | AB10: =SUM(Y10,Z10,AA10) -> #REF! | AC10: =SUM('IK I:IK IV'!AC10) -> #REF! | AD10: =SUM('IK I:IK IV'!AD10) -> #REF! | AE10: =SUM('IK I:IK IV'!AE10) -> #REF! | AF10: =SUM('IK I:IK IV'!AF10) -> #REF! | AG10: =SUM('IK I:IK IV'!AG10) -> #REF! | AH10: =SUM('IK I:IK IV'!AH10) -> #REF! | AI10: =SUM('IK I:IK IV'!AI10) -> #REF! | AJ10: =SUM('IK I:IK IV'!AJ10) -> #REF! | ... AS10: =SUM('IK I:IK IV'!AS10) -> #REF! | AT10: =SUM(AP10:AS10) -> #REF! | AU10: =SUM(F10,Q10,W10,AB10,AE10,AN10,AO10,AT10) -> #REF!
